"id","user_id","product_id","total_price","payment_status","payment_id","order_id","mode","created_at"
"1","1","2","1500.00","success","COMPLETED","TXN_67fc91bb934a9","offline","2025-04-14 04:41:07"
"2","3","2","1500.00","success","COMPLETED","TXN_6801c4c46dd99","offline","2025-04-18 03:21:11"
"3","6","2","1500.00","success","COMPLETED","TXN_6801cf95bceac","offline","2025-04-18 04:06:11"
"4","7","2","1500.00","success","COMPLETED","TXN_68020edd31de6","offline","2025-04-18 08:36:23"
"5","11","2","1500.00","success","COMPLETED","TXN_68022203685dd","offline","2025-04-18 09:58:01"
"6","13","2","1000.00","success","COMPLETED","TXN_680259ef4482a","online","2025-04-18 13:56:51"
"7","16","2","1000.00","success","COMPLETED","TXN_68035a6c01650","online","2025-04-19 08:10:48"
"8","18","2","1500.00","success","COMPLETED","TXN_6803a1e693490","offline","2025-04-19 13:15:53"
"10","23","2","1000.00","success","COMPLETED","TXN_6805cd819c269","online","2025-04-21 04:46:40"
"14","32","2","1000.00","success","COMPLETED","TXN_68074c62e2b0d","online","2025-04-22 08:00:29"
"15","33","2","1000.00","success","COMPLETED","TXN_680757c0e2fa7","online","2025-04-22 08:49:47"
"16","36","2","1000.00","success","COMPLETED","TXN_68084c2a0db17","online","2025-04-23 02:11:10"
"17","37","2","1000.00","success","COMPLETED","TXN_6809c2a0977c6","online","2025-04-24 04:49:48"
"19","40","2","1500.00","success","COMPLETED","TXN_6813197190d53","offline","2025-05-01 06:50:06"
"20","41","2","1000.00","success","COMPLETED","TXN_6816271202da7","online","2025-05-03 14:25:08"
"21","45","2","1500.00","success","COMPLETED","TXN_681868cc55c1f","offline","2025-05-05 07:29:56"
"22","46","2","1000.00","success","COMPLETED","TXN_68189b6ceb678","online","2025-05-05 11:05:55"
"23","48","2","1000.00","success","COMPLETED","TXN_6818d6d10cf64","online","2025-05-05 15:19:42"
"24","51","2","1000.00","success","COMPLETED","TXN_6818e7862c3d8","online","2025-05-05 16:34:01"
"25","52","2","1000.00","success","COMPLETED","TXN_6819feca827e0","online","2025-05-06 12:22:21"
"26","55","2","1500.00","success","COMPLETED","TXN_681b05477a6c9","offline","2025-05-07 07:01:55"
"27","56","2","1500.00","success","COMPLETED","TXN_683d5ec5385ef","offline","2025-06-02 08:21:35"
"28","57","2","1000.00","success","COMPLETED","TXN_684655f6cb90c","online","2025-06-09 03:35:33"
"29","59","2","1500.00","success","COMPLETED","TXN_684fcadb4268a","offline","2025-06-16 07:42:49"
"30","60","2","1500.00","success","COMPLETED","TXN_6850fa05821f3","offline","2025-06-17 05:16:06"
"31","61","2","1500.00","success","COMPLETED","TXN_6850fcd3006a4","offline","2025-06-17 05:28:04"
"32","62","2","1500.00","success","COMPLETED","TXN_685175691fb3a","offline","2025-06-17 14:02:34"
"33","63","2","1500.00","success","COMPLETED","TXN_68517647a4eab","offline","2025-06-17 14:06:14"
"34","64","2","1500.00","success","COMPLETED","TXN_685198d89d3eb","offline","2025-06-17 16:33:43"
"35","65","2","1500.00","success","COMPLETED","TXN_68519ba57ca9f","offline","2025-06-17 16:45:39"
"36","67","2","1500.00","success","COMPLETED","TXN_6852e1e381fc6","offline","2025-06-18 15:57:38"
"37","68","2","1500.00","success","COMPLETED","TXN_6852e4516a876","offline","2025-06-18 16:08:08"
"38","69","2","1500.00","success","COMPLETED","TXN_6852e5ba09a4d","offline","2025-06-18 16:14:01"
"39","70","2","1500.00","success","COMPLETED","TXN_6853ba9416cd8","offline","2025-06-19 07:22:21"
"40","71","2","1500.00","success","COMPLETED","TXN_6853f38f5380c","offline","2025-06-19 11:25:33"
"41","72","2","1500.00","success","COMPLETED","TXN_6853f46df3f96","offline","2025-06-19 11:29:06"
"42","73","2","1500.00","success","COMPLETED","TXN_6853f86ebc4c8","offline","2025-06-19 11:46:09"
"43","74","2","1500.00","success","COMPLETED","TXN_6853f95f2fd21","offline","2025-06-19 11:50:05"
"44","75","2","1500.00","success","COMPLETED","TXN_6855662e2b308","offline","2025-06-20 13:46:45"
"45","76","2","1500.00","success","COMPLETED","TXN_6857a82c5bfc3","offline","2025-06-22 06:52:45"
"46","77","2","1500.00","success","COMPLETED","TXN_6857a958276e2","offline","2025-06-22 06:57:45"
"47","78","2","1500.00","success","COMPLETED","TXN_6857aa8e3f7f8","offline","2025-06-22 07:02:53"
"48","79","2","1500.00","success","COMPLETED","TXN_6857ab40ca74a","offline","2025-06-22 07:05:53"
"49","80","2","1500.00","success","COMPLETED","TXN_685b8895ebc41","offline","2025-06-25 05:27:00"
"50","81","2","1500.00","success","COMPLETED","TXN_685b8aca63cbf","offline","2025-06-25 05:36:25"
"51","83","2","1500.00","success","COMPLETED","TXN_685cd8adb98fc","offline","2025-06-26 05:21:03"
"52","84","2","1500.00","success","COMPLETED","TXN_685cdc4ea7436","offline","2025-06-26 05:36:32"
"53","85","2","1500.00","success","COMPLETED","TXN_685cdd5779ce0","offline","2025-06-26 05:41:03"
"54","86","2","1500.00","success","COMPLETED","TXN_685cdf0eaa5f5","offline","2025-06-26 05:48:37"
"55","87","2","1500.00","success","COMPLETED","TXN_6862b6186e1e6","offline","2025-06-30 16:07:05"
"56","88","2","1500.00","success","COMPLETED","TXN_6867bb5794d11","offline","2025-07-04 11:31:18"
"71","119","2","1000.00","pending",NULL,NULL,"online","2025-07-22 14:50:51"
"75","123","2","1500.00","pending",NULL,NULL,"offline","2025-07-22 17:09:05"
"76","124","2","1500.00","pending",NULL,NULL,"offline","2025-07-22 18:52:05"
"77","125","2","1500.00","pending",NULL,NULL,"offline","2025-07-22 21:31:41"
"78","126","2","1500.00","pending",NULL,NULL,"offline","2025-07-22 21:42:23"
"79","127","2","1500.00","pending",NULL,NULL,"offline","2025-07-22 21:46:03"
"80","128","2","1500.00","pending",NULL,NULL,"offline","2025-07-22 22:00:08"
"81","143","2","1000.00","pending",NULL,NULL,"online","2025-07-22 22:09:50"
"82","144","2","1000.00","pending",NULL,NULL,"online","2025-07-23 07:51:40"
"83","145","2","1000.00","pending",NULL,NULL,"online","2025-07-23 10:36:19"
"84","154","2","1500.00","pending",NULL,NULL,"offline","2025-07-23 12:59:05"
"85","155","2","1500.00","pending",NULL,NULL,"offline","2025-07-23 16:12:42"
"86","156","2","1500.00","pending",NULL,NULL,"offline","2025-07-23 16:25:11"
